userName,first_name,last_name,email
lchildes0,Lucienne,Childes,lchildes0@behance.net
dhatrey1,Derry,Hatrey,dhatrey1@gov.uk
fbuffery2,Fionnula,Buffery,fbuffery2@51.la
tspofforth3,Theodor,Spofforth,tspofforth3@wufoo.com
tduckwith4,Torre,Duckwith,tduckwith4@house.gov
mtommen5,Marinna,Tommen,mtommen5@usda.gov
mpeatt6,Melody,Peatt,mpeatt6@mediafire.com
nstolze7,Nike,Stolze,nstolze7@ezinearticles.com
zshorto8,Zared,Shorto,zshorto8@webeden.co.uk
cpinnick9,Cassondra,Pinnick,cpinnick9@phoca.cz
rruggena,Robinet,Ruggen,rruggena@ftc.gov
bbenezetb,Buddie,Benezet,bbenezetb@dmoz.org
lshrubsallc,Lyndy,Shrubsall,lshrubsallc@technorati.com
srained,Sherrie,Raine,srained@quantcast.com
iboutwelle,Ibby,Boutwell,iboutwelle@nbcnews.com
mjarrellf,Myrah,Jarrell,mjarrellf@cbslocal.com
nearryg,Niel,Earry,nearryg@hatena.ne.jp
gpentercosth,Gino,Pentercost,gpentercosth@digg.com
mboarderj,Maybelle,Boarder,mboarderj@cafepress.com
elamckenk,Emilia,Lamcken,elamckenk@weibo.com
brenwickl,Berkley,Renwick,brenwickl@photobucket.com
dmacpadenem,Delly,MacPadene,dmacpadenem@bandcamp.com
sleneven,Stacee,Leneve,sleneven@discuz.net
kkinnyp,Kirbee,Kinny,kkinnyp@dot.gov
fdebruijneq,Field,De Bruijne,fdebruijneq@oaic.gov.au
gconstanzar,Gifford,Constanza,gconstanzar@washington.edu
rmacmakins,Richard,MacMakin,rmacmakins@accuweather.com
jmccarrickt,Jessey,McCarrick,jmccarrickt@wisc.edu
ebrignellu,Ernestine,Brignell,ebrignellu@nbcnews.com
shaydneyv,Sydelle,Haydney,shaydneyv@ihg.com
pcondyw,Peder,Condy,pcondyw@163.com
ajeaffersonx,Abran,Jeafferson,ajeaffersonx@dyndns.org
mmaryanz,Meredeth,Maryan,mmaryanz@studiopress.com
dpaffett10,Dwayne,Paffett,dpaffett10@ucoz.com
arunnalls11,Anastasia,Runnalls,arunnalls11@un.org
tallman12,Timmie,Allman,tallman12@instagram.com
mscrannage13,Marlene,Scrannage,mscrannage13@goo.ne.jp
ekirsop14,Eolande,Kirsop,ekirsop14@indiegogo.com
dvondracek15,Dianna,Vondracek,dvondracek15@rambler.ru
cminister16,Carena,Minister,cminister16@infoseek.co.jp
sclerke17,Siffre,Clerke,sclerke17@bluehost.com
ffrary18,Farley,Frary,ffrary18@salon.com
alamplugh19,Alfi,Lamplugh,alamplugh19@t-online.de
ksimmell1a,Krissy,Simmell,ksimmell1a@merriam-webster.com
leyckel1b,Leonore,Eyckel,leyckel1b@dedecms.com
lchettle1c,Leontyne,Chettle,lchettle1c@pagesperso-orange.fr
jblundel1d,Jerry,Blundel,jblundel1d@freewebs.com
ctibbles1e,Celestyna,Tibbles,ctibbles1e@merriam-webster.com
coades1f,Carleton,Oades,coades1f@furl.net
rpeggrem1g,Reinhard,Peggrem,rpeggrem1g@sun.com
bcredland1h,Betsy,Credland,bcredland1h@cnbc.com
cpollen1i,Colan,Pollen,cpollen1i@abc.net.au
ayukhtin1j,Allx,Yukhtin,ayukhtin1j@spiegel.de
jmcclune1k,Jessa,McClune,jmcclune1k@qq.com
baime1l,Bruce,Aime,baime1l@deviantart.com
cbonavia1m,Chrysa,Bonavia,cbonavia1m@netlog.com
ccantu1n,Craggy,Cantu,ccantu1n@people.com.cn
mdarbon1o,Marika,Darbon,mdarbon1o@epa.gov
hbeamond1p,Hazlett,Beamond,hbeamond1p@washington.edu
iduprey1q,Inga,Duprey,iduprey1q@bizjournals.com
jdepaoli1r,Jaimie,De Paoli,jdepaoli1r@studiopress.com
scrichton1s,Sullivan,Crichton,scrichton1s@bloglines.com
khennemann1t,Kristin,Hennemann,khennemann1t@over-blog.com
eravenhill1u,Eleanora,Ravenhill,eravenhill1u@vimeo.com
pfenech1v,Philippa,Fenech,pfenech1v@home.pl
wsaile1w,Wayne,Saile,wsaile1w@timesonline.co.uk
cgadson1x,Corrianne,Gadson,cgadson1x@flavors.me
nstidson1y,Nada,Stidson,nstidson1y@creativecommons.org
schristie1z,Susi,Christie,schristie1z@fema.gov
vjeenes20,Vonny,Jeenes,vjeenes20@eepurl.com
pdocker21,Pam,Docker,pdocker21@pcworld.com
gdarrington22,Giuseppe,Darrington,gdarrington22@eventbrite.com
smacdirmid23,Sidonnie,MacDirmid,smacdirmid23@dailymotion.com
cfiddler24,Caro,Fiddler,cfiddler24@usa.gov
dmattiessen25,Delmore,Mattiessen,dmattiessen25@dion.ne.jp
nmorgue26,Nana,Morgue,nmorgue26@yale.edu
steale27,Spence,Teale,steale27@cnet.com
ssmorfit28,Sydney,Smorfit,ssmorfit28@independent.co.uk
dbeamson29,Dario,Beamson,dbeamson29@archive.org
caguirre2a,Crichton,Aguirre,caguirre2a@seesaa.net
splacide2b,Sigismund,Placide,splacide2b@nifty.com
cpostance2c,Chaim,Postance,cpostance2c@apache.org
scadwaladr2d,Sonnie,Cadwaladr,scadwaladr2d@eepurl.com
aesslemont2e,Alison,Esslemont,aesslemont2e@hud.gov
aboar2f,Alphonse,Boar,aboar2f@scientificamerican.com
rmilland2g,Ralph,Milland,rmilland2g@mediafire.com
ldelong2h,Lynnette,Delong,ldelong2h@apache.org
cpaolinelli2i,Carmine,Paolinelli,cpaolinelli2i@macromedia.com
whelwig2j,Waylin,Helwig,whelwig2j@sfgate.com
bmildenhall2k,Bink,Mildenhall,bmildenhall2k@yahoo.co.jp
jhubberstey2l,Johnny,Hubberstey,jhubberstey2l@bbc.co.uk
ppeterffy2m,Pall,Peterffy,ppeterffy2m@about.me
pstenyng2n,Phyllis,Stenyng,pstenyng2n@liveinternet.ru
malbiston2o,Maddy,Albiston,malbiston2o@reverbnation.com
mlaundon2p,Margette,Laundon,mlaundon2p@nsw.gov.au
rpassmore2q,Rhea,Passmore,rpassmore2q@over-blog.com
sfaull2r,Shelagh,Faull,sfaull2r@parallels.com
esolley2s,Elsey,Solley,esolley2s@fotki.com
ncaddy2t,Nancy,Caddy,ncaddy2t@google.es
kmonkman2u,Kimberlee,Monkman,kmonkman2u@cdc.gov
sanersen2v,Sammy,Anersen,sanersen2v@twitpic.com
dkinsett2w,Dwain,Kinsett,dkinsett2w@fastcompany.com
kvigne2x,Kara,Vigne,kvigne2x@ftc.gov
lreeder2y,Leland,Reeder,lreeder2y@scribd.com
rpiercy2z,Rakel,Piercy,rpiercy2z@wordpress.com
graynard30,Gamaliel,Raynard,graynard30@ucla.edu
pdenziloe31,Pauline,Denziloe,pdenziloe31@marriott.com
jullrich32,Judah,Ullrich,jullrich32@alibaba.com
dcoventry33,Darell,Coventry,dcoventry33@nifty.com
bwasylkiewicz34,Bellina,Wasylkiewicz,bwasylkiewicz34@over-blog.com
nlinne35,Nigel,Linne,nlinne35@technorati.com
kgepheart36,Kinnie,Gepheart,kgepheart36@facebook.com
ascobie37,Aline,Scobie,ascobie37@posterous.com
dwhiley38,Deidre,Whiley,dwhiley38@seattletimes.com
ajeacocke39,Alfonso,Jeacocke,ajeacocke39@w3.org
awindrus3a,Alvan,Windrus,awindrus3a@google.com.au
csatcher3b,Camile,Satcher,csatcher3b@auda.org.au
jsea3c,Jojo,Sea,jsea3c@qq.com
popfer3d,Prent,Opfer,popfer3d@newyorker.com
wgrowden3e,Willi,Growden,wgrowden3e@i2i.jp
tdionisii3f,Tonya,Dionisii,tdionisii3f@feedburner.com
cnazaret3g,Creigh,Nazaret,cnazaret3g@wired.com
pmulvenna3h,Patsy,Mulvenna,pmulvenna3h@ibm.com
bgibbetts3i,Billi,Gibbetts,bgibbetts3i@yahoo.co.jp
wkingswoode3j,Waverly,Kingswoode,wkingswoode3j@baidu.com
tomonahan3k,Thedric,O'Monahan,tomonahan3k@imgur.com
pbaudain3l,Peter,Baudain,pbaudain3l@printfriendly.com
cheinel3m,Costa,Heinel,cheinel3m@surveymonkey.com
pwestrip3n,Pattie,Westrip,pwestrip3n@google.com.br
sdunkerton3o,Sindee,Dunkerton,sdunkerton3o@discovery.com
gbeamson3p,Gradeigh,Beamson,gbeamson3p@wordpress.org
ccaras3q,Caspar,Caras,ccaras3q@reuters.com
cchadwyck3r,Clerkclaude,Chadwyck,cchadwyck3r@sakura.ne.jp
klyst3s,Kelsy,Lyst,klyst3s@feedburner.com
thampton3t,Tabby,Hampton,thampton3t@live.com
emcgillreich3u,Errick,McGillreich,emcgillreich3u@gravatar.com
gfellis3v,Gerrard,Fellis,gfellis3v@dropbox.com
focridigan3w,Friederike,O'Cridigan,focridigan3w@nhs.uk
pcrimmins3x,Padgett,Crimmins,pcrimmins3x@google.nl
babsalom3y,Bette,Absalom,babsalom3y@elegantthemes.com
gmccaughey3z,Georgy,McCaughey,gmccaughey3z@ezinearticles.com
astannard40,Artemis,Stannard,astannard40@smh.com.au
dhulls41,Danell,Hulls,dhulls41@tripod.com
kdiruggiero42,Kaylee,Di Ruggiero,kdiruggiero42@google.de
cwigfall43,Cassandre,Wigfall,cwigfall43@blogger.com
bsmouten44,Bellanca,Smouten,bsmouten44@opensource.org
ngamble45,Nicki,Gamble,ngamble45@nytimes.com
ahaugeh46,Aurelia,Haugeh,ahaugeh46@slashdot.org
rcastagnasso47,Raquel,Castagnasso,rcastagnasso47@cnn.com
mcroix48,Morey,Croix,mcroix48@weather.com
dhugonet49,Dorey,Hugonet,dhugonet49@youku.com
whaskur4a,Wye,Haskur,whaskur4a@cbc.ca
vsantoro4b,Vivia,Santoro,vsantoro4b@etsy.com
crockcliff4c,Chadd,Rockcliff,crockcliff4c@about.me
striggel4d,Stacie,Triggel,striggel4d@bloglovin.com
polyonov4e,Papageno,Olyonov,polyonov4e@people.com.cn
wharrowing4f,Wallie,Harrowing,wharrowing4f@amazon.co.jp
ttoope4g,Theodora,Toope,ttoope4g@163.com
kdewire4h,Kilian,Dewire,kdewire4h@mac.com
earonoff4i,Erma,Aronoff,earonoff4i@un.org
gziem4j,Gretchen,Ziem,gziem4j@1688.com
mtanman4k,Maggi,Tanman,mtanman4k@ed.gov
mshapiro4l,Mayer,Shapiro,mshapiro4l@homestead.com
tbrownell4m,Tilda,Brownell,tbrownell4m@bing.com
clevinge4n,Clemmie,Levinge,clevinge4n@hc360.com
lrobelet4o,Leoine,Robelet,lrobelet4o@msu.edu
rmenpes4p,Romain,Menpes,rmenpes4p@pbs.org
lmingard4q,Lacy,Mingard,lmingard4q@sitemeter.com
lwoodroofe4r,Lennard,Woodroofe,lwoodroofe4r@creativecommons.org
prenish4s,Patience,Renish,prenish4s@technorati.com
kcollopy4t,Kat,Collopy,kcollopy4t@bizjournals.com
awash4u,Alexina,Wash,awash4u@tmall.com
randryszczak4v,Rufe,Andryszczak,randryszczak4v@nifty.com
ddocherty4w,Danika,Docherty,ddocherty4w@ovh.net
mheinsen4x,Marita,Heinsen,mheinsen4x@diigo.com
arisbridge4y,Ashton,Risbridge,arisbridge4y@list-manage.com
sizkovitz4z,Shell,Izkovitz,sizkovitz4z@furl.net
aringsell50,Ardith,Ringsell,aringsell50@com.com
efindley51,Erv,Findley,efindley51@usatoday.com
drizzo52,Denys,Rizzo,drizzo52@wikipedia.org
smarfe53,Sylvan,Marfe,smarfe53@wufoo.com
gelphee54,Gene,Elphee,gelphee54@163.com
bwylam55,Bernete,Wylam,bwylam55@ihg.com
froan56,Fredrika,Roan,froan56@scribd.com
cpawellek57,Cheri,Pawellek,cpawellek57@howstuffworks.com
ggiacomuzzi58,Gerick,Giacomuzzi,ggiacomuzzi58@loc.gov
eniess59,Eleonore,Niess,eniess59@sitemeter.com
afredson5a,Alaine,Fredson,afredson5a@vkontakte.ru
erowney5b,Elena,Rowney,erowney5b@hp.com
nianelli5c,Nissy,Ianelli,nianelli5c@redcross.org
lstranahan5d,Latrina,Stranahan,lstranahan5d@psu.edu
rrosson5e,Raven,Rosson,rrosson5e@businesswire.com
mgogerty5f,Merola,Gogerty,mgogerty5f@imageshack.us
feller5g,Flossy,Eller,feller5g@nytimes.com
umcateer5h,Urbano,McAteer,umcateer5h@wunderground.com
wtwyford5i,Waverly,Twyford,wtwyford5i@answers.com
mocorren5j,Marcellina,O'Corren,mocorren5j@twitpic.com
coliffe5k,Constantia,Oliffe,coliffe5k@ft.com
acordle5l,Alejoa,Cordle,acordle5l@twitter.com
clightowler5m,Colman,Lightowler,clightowler5m@xrea.com
pyeldon5n,Philomena,Yeldon,pyeldon5n@yolasite.com
phavers5o,Patten,Havers,phavers5o@ameblo.jp
dmerrien5p,Daria,Merrien,dmerrien5p@google.pl
ldach5q,Lucais,Dach,ldach5q@boston.com
zmithon5r,Zorah,Mithon,zmithon5r@scientificamerican.com
jcolleymore5s,Janis,Colleymore,jcolleymore5s@nbcnews.com
cspiers5t,Charmion,Spiers,cspiers5t@liveinternet.ru
mmcwilliams5u,Manon,McWilliams,mmcwilliams5u@g.co
rpoat5v,Rolf,Poat,rpoat5v@lycos.com
bechlin5w,Bamby,Echlin,bechlin5w@virginia.edu
aellerey5x,Alvinia,Ellerey,aellerey5x@apache.org
mramm5y,Melba,Ramm,mramm5y@theatlantic.com
ccondon5z,Catlin,Condon,ccondon5z@forbes.com
slouw60,Shaine,Louw,slouw60@odnoklassniki.ru
hgirodin61,Honoria,Girodin,hgirodin61@paypal.com
lmussalli62,Lowe,Mussalli,lmussalli62@cdc.gov
gpyecroft63,Grace,Pyecroft,gpyecroft63@eepurl.com
imumberson64,Idell,Mumberson,imumberson64@mlb.com
jronaldson65,Janek,Ronaldson,jronaldson65@cnn.com
mvelten66,Meridith,Velten,mvelten66@cam.ac.uk
rblacker67,Romona,Blacker,rblacker67@ted.com
zjouannisson68,Zollie,Jouannisson,zjouannisson68@ovh.net
zgrunder69,Zilvia,Grunder,zgrunder69@google.com.hk
cdruery6a,Carolina,Druery,cdruery6a@blogspot.com
abloxsome6b,Ax,Bloxsome,abloxsome6b@google.nl
ktrimming6c,Keelia,Trimming,ktrimming6c@chicagotribune.com
cschirach6d,Carlen,Schirach,cschirach6d@youtu.be
twitherow6e,Thibaud,Witherow,twitherow6e@gizmodo.com
wlutton6f,Walt,Lutton,wlutton6f@ft.com
tshillington6g,Tine,Shillington,tshillington6g@va.gov
rsworne6h,Robbie,Sworne,rsworne6h@feedburner.com
esolesbury6i,Erminie,Solesbury,esolesbury6i@virginia.edu
cgerlack6j,Carolee,Gerlack,cgerlack6j@paginegialle.it
dharyngton6k,Donal,Haryngton,dharyngton6k@deliciousdays.com
mpeskin6l,Marinna,Peskin,mpeskin6l@bravesites.com
sscorrer6m,Shaughn,Scorrer,sscorrer6m@mit.edu
tharrington6n,Thane,Harrington,tharrington6n@unicef.org
pstudde6o,Perla,Studde,pstudde6o@fastcompany.com
jhelling6p,Jerri,Helling,jhelling6p@networkadvertising.org
hgrassin6q,Hildy,Grassin,hgrassin6q@europa.eu
avoules6r,Alwin,Voules,avoules6r@hostgator.com
blorman6s,Bancroft,Lorman,blorman6s@merriam-webster.com
gstanwix6t,Gabie,Stanwix,gstanwix6t@ocn.ne.jp
istrivens6u,Ingemar,Strivens,istrivens6u@eventbrite.com
lclemmensen6v,Lesley,Clemmensen,lclemmensen6v@edublogs.org
ebocock6w,Ezmeralda,Bocock,ebocock6w@geocities.jp
vredpath6x,Vyky,Redpath,vredpath6x@cyberchimps.com
lorthmann6y,Lew,Orthmann,lorthmann6y@clickbank.net
mhaensel6z,Mannie,Haensel,mhaensel6z@twitpic.com
lgoade70,Lavina,Goade,lgoade70@state.gov
hantat71,Hobart,Antat,hantat71@surveymonkey.com
ipresley72,Ingaborg,Presley,ipresley72@nytimes.com
obrisco73,Ofelia,Brisco,obrisco73@live.com
ddreschler74,Durand,Dreschler,ddreschler74@ucsd.edu
fbrigginshaw75,Fayth,Brigginshaw,fbrigginshaw75@tinypic.com
ngartsyde76,Natty,Gartsyde,ngartsyde76@hubpages.com
gcockman77,Giorgi,Cockman,gcockman77@va.gov
kmeach78,Kettie,Meach,kmeach78@issuu.com
rcallard79,Raymund,Callard,rcallard79@diigo.com
tmcelwee7a,Teodorico,McElwee,tmcelwee7a@1und1.de
cchetwind7b,Clemmy,Chetwind,cchetwind7b@i2i.jp
svince7c,Sibella,Vince,svince7c@squidoo.com
dwaddingham7d,Darrin,Waddingham,dwaddingham7d@dyndns.org
mlogie7e,Magda,Logie,mlogie7e@ucsd.edu
mchilton7f,Mora,Chilton,mchilton7f@wisc.edu
fstanding7g,Fiorenze,Standing,fstanding7g@wiley.com
akelland7h,Aubrie,Kelland,akelland7h@gravatar.com
aworledge7i,Arman,Worledge,aworledge7i@google.com.br
ejailler7j,Eloise,Jailler,ejailler7j@redcross.org
mkeningham7k,Monah,Keningham,mkeningham7k@issuu.com
llittrick7l,Lloyd,Littrick,llittrick7l@mapy.cz
ftraynor7m,Frederich,Traynor,ftraynor7m@meetup.com
jbothe7n,Jennica,Bothe,jbothe7n@angelfire.com
vmassimi7o,Valene,Massimi,vmassimi7o@imgur.com
jbringloe7p,Jourdan,Bringloe,jbringloe7p@phpbb.com
ftzar7q,Fremont,Tzar,ftzar7q@tumblr.com
ncoling7r,Noelani,Coling,ncoling7r@twitpic.com
mfaust7s,Mickie,Faust,mfaust7s@ucla.edu
srenshaw7t,Skelly,Renshaw,srenshaw7t@washingtonpost.com
gsparey7u,Grete,Sparey,gsparey7u@opensource.org
thofton7v,Traci,Hofton,thofton7v@nhs.uk
lreiling7w,Llywellyn,Reiling,lreiling7w@slate.com
dwonfar7x,Dianne,Wonfar,dwonfar7x@xing.com
jbabington7y,Joana,Babington,jbabington7y@cmu.edu
sbennell7z,Stephi,Bennell,sbennell7z@arstechnica.com
wdaines80,Wandie,Daines,wdaines80@moonfruit.com
sbanasiak81,Sarita,Banasiak,sbanasiak81@chron.com
ccoronas82,Charlena,Coronas,ccoronas82@gizmodo.com
along83,Andriana,Long,along83@jiathis.com
bpecey84,Barde,Pecey,bpecey84@scribd.com
geilhertsen85,Galvin,Eilhertsen,geilhertsen85@last.fm
jliggons86,Jacintha,Liggons,jliggons86@linkedin.com
mtuckwell87,Meta,Tuckwell,mtuckwell87@biblegateway.com
pbassick88,Patin,Bassick,pbassick88@booking.com
laronov89,Leoline,Aronov,laronov89@statcounter.com
msongist8a,Margo,Songist,msongist8a@examiner.com
dzarfai8b,Darrelle,Zarfai,dzarfai8b@gravatar.com
acobello8c,Agosto,Cobello,acobello8c@skyrock.com
cswatheridge8d,Clovis,Swatheridge,cswatheridge8d@unicef.org
cmasurel8e,Cathe,Masurel,cmasurel8e@state.gov
dhaug8f,Devonne,Haug,dhaug8f@census.gov
bnyles8g,Belva,Nyles,bnyles8g@yahoo.com
ribbitt8h,Ringo,Ibbitt,ribbitt8h@msn.com
odicke8i,Odetta,Dicke,odicke8i@booking.com
mmcalister8j,Meredith,McAlister,mmcalister8j@about.com
ahucker8k,Audi,Hucker,ahucker8k@java.com
bnias8l,Bran,Nias,bnias8l@wikispaces.com
mwoodroff8m,Marge,Woodroff,mwoodroff8m@google.es
ealoigi8n,Erasmus,Aloigi,ealoigi8n@ow.ly
equarmby8o,Edithe,Quarmby,equarmby8o@npr.org
vkuhnwald8p,Valeria,Kuhnwald,vkuhnwald8p@google.es
fwall8q,Francene,Wall,fwall8q@csmonitor.com
sorton8r,Sabra,Orton,sorton8r@netlog.com
igraine8s,Innis,Graine,igraine8s@mlb.com
bbridle8t,Brittne,Bridle,bbridle8t@privacy.gov.au
pegell8u,Percy,Egell,pegell8u@opera.com
smoubray8v,Sarina,Moubray,smoubray8v@paginegialle.it
omagrane8w,Oran,Magrane,omagrane8w@imdb.com
bdoorly8x,Baron,Doorly,bdoorly8x@google.ru
cdrewery8y,Christian,Drewery,cdrewery8y@sakura.ne.jp
gpettiford8z,Golda,Pettiford,gpettiford8z@nps.gov
bjann90,Bekki,Jann,bjann90@tumblr.com
ssautter91,Stanly,Sautter,ssautter91@scribd.com
njohn92,Nahum,John,njohn92@angelfire.com
cheersema93,Constantin,Heersema,cheersema93@mozilla.com
kmacwhirter94,Kristien,MacWhirter,kmacwhirter94@posterous.com
gkrysztowczyk95,Gretel,Krysztowczyk,gkrysztowczyk95@typepad.com
cfrise96,Carla,Frise,cfrise96@webeden.co.uk
apiperley97,Amelita,Piperley,apiperley97@tinypic.com
bainsworth98,Bard,Ainsworth,bainsworth98@chron.com
borbon99,Brocky,Orbon,borbon99@i2i.jp
tmaclaine9a,Thornie,Maclaine,tmaclaine9a@youtu.be
iboylan9b,Irma,Boylan,iboylan9b@google.de
alambden9c,Adriena,Lambden,alambden9c@desdev.cn
jdiprose9d,Jandy,Diprose,jdiprose9d@yandex.ru
bdavidove9e,Babbie,Davidove,bdavidove9e@prweb.com
ijurzyk9f,Isidro,Jurzyk,ijurzyk9f@yahoo.co.jp
ajorcke9g,Andy,Jorcke,ajorcke9g@washington.edu
mlemmen9h,Max,Lemmen,mlemmen9h@geocities.com
bcalton9i,Brody,Calton,bcalton9i@imageshack.us
cvlasenkov9j,Cyrill,Vlasenkov,cvlasenkov9j@ucla.edu
mgreenwood9k,Milena,Greenwood,mgreenwood9k@skype.com
lmacy9l,Leodora,Macy,lmacy9l@kickstarter.com
mglyn9m,Minor,Glyn,mglyn9m@eepurl.com
rstobbie9n,Reid,Stobbie,rstobbie9n@wired.com
ldring9o,Laurice,Dring,ldring9o@youku.com
mlinnard9p,Malvina,Linnard,mlinnard9p@japanpost.jp
rjedraszczyk9q,Rubina,Jedraszczyk,rjedraszczyk9q@yahoo.co.jp
otschirasche9r,Orrin,Tschirasche,otschirasche9r@prlog.org
sgullifant9s,Shandy,Gullifant,sgullifant9s@bloglines.com
pockleshaw9t,Petronilla,Ockleshaw,pockleshaw9t@fc2.com
jlambole9u,Jemmy,Lambole,jlambole9u@domainmarket.com
acastellani9v,Allene,Castellani,acastellani9v@hexun.com
amayler9w,Ammamaria,Mayler,amayler9w@nyu.edu
ydeller9x,Yehudit,Deller,ydeller9x@biblegateway.com
crosini9y,Charo,Rosini,crosini9y@examiner.com
tfarquhar9z,Tull,Farquhar,tfarquhar9z@slate.com
jparkea0,Jacklyn,Parke,jparkea0@hp.com
umageea1,Uriah,Magee,umageea1@cloudflare.com
iblackmuira2,Inge,Blackmuir,iblackmuira2@narod.ru
dwheadona3,Dewey,Wheadon,dwheadona3@rediff.com
asikorskia4,Adrian,Sikorski,asikorskia4@360.cn
tgariffa5,Terrel,Gariff,tgariffa5@gizmodo.com
rvaldesa6,Rriocard,Valdes,rvaldesa6@mlb.com
gkewa7,Gusti,Kew,gkewa7@omniture.com
cquincea8,Chic,Quince,cquincea8@apple.com
bhaylandsa9,Bel,Haylands,bhaylandsa9@studiopress.com
lsweetmanaa,Lin,Sweetman,lsweetmanaa@eepurl.com
rlillecropab,Raye,Lillecrop,rlillecropab@dagondesign.com
dgalwayac,Dianna,Galway,dgalwayac@prlog.org
slemaryad,Shaun,Lemary,slemaryad@blinklist.com
blyardae,Blanca,Lyard,blyardae@wsj.com
handrelliaf,Hamlin,Andrelli,handrelliaf@yahoo.com
nmacelroyag,Natalie,MacElroy,nmacelroyag@nhs.uk
acargenvenah,Alli,Cargenven,acargenvenah@google.pl
nraoai,Nicoline,Rao,nraoai@vkontakte.ru
mgabbataj,Moses,Gabbat,mgabbataj@webnode.com
khitscherak,Kippar,Hitscher,khitscherak@tiny.cc
afeasteral,Ali,Feaster,afeasteral@ocn.ne.jp
rpyecroftam,Reidar,Pyecroft,rpyecroftam@fastcompany.com
lvaaran,Leonid,Vaar,lvaaran@exblog.jp
kbrettelleao,Kally,Brettelle,kbrettelleao@cbsnews.com
mdanilishinap,Marketa,Danilishin,mdanilishinap@spotify.com
cleedesaq,Carlotta,Leedes,cleedesaq@flavors.me
bcobleyar,Bekki,Cobley,bcobleyar@wikipedia.org
mspitaroas,Mommy,Spitaro,mspitaroas@biglobe.ne.jp
skeillohat,Shelia,Keilloh,skeillohat@house.gov
kvonhagtau,Kerry,von Hagt,kvonhagtau@java.com
siannuzziav,Seamus,Iannuzzi,siannuzziav@gnu.org
mrottcheraw,Maude,Rottcher,mrottcheraw@sun.com
mkeyesax,Maria,Keyes,mkeyesax@nyu.edu
bscullinay,Bridgette,Scullin,bscullinay@mail.ru
rethelstonaz,Ronnica,Ethelston,rethelstonaz@trellian.com
lbrantonb0,Loleta,Branton,lbrantonb0@e-recht24.de
asircombb1,Alecia,Sircomb,asircombb1@yelp.com
hmcmeekinb2,Hadley,Mc Meekin,hmcmeekinb2@telegraph.co.uk
formistoneb3,Fernando,Ormistone,formistoneb3@github.com
jwadlyb4,Jamill,Wadly,jwadlyb4@odnoklassniki.ru
lsimonardb5,Lorinda,Simonard,lsimonardb5@vk.com
tferrillob6,Thibaud,Ferrillo,tferrillob6@sciencedaily.com
astitfallb7,Aksel,Stitfall,astitfallb7@ebay.co.uk
sbahlsb8,Samuele,Bahls,sbahlsb8@yale.edu
klysterb9,Kathryne,Lyster,klysterb9@umich.edu
mlockeyba,Melisandra,Lockey,mlockeyba@com.com
slaybb,Sarine,Lay,slaybb@dion.ne.jp
hmallabundbc,Hyacinthia,Mallabund,hmallabundbc@wsj.com
cmarklowbd,Crista,Marklow,cmarklowbd@comsenz.com
dhandfordbe,Delilah,Handford,dhandfordbe@seattletimes.com
tfernleybf,Tricia,Fernley,tfernleybf@hugedomains.com
jspataribg,Johannah,Spatari,jspataribg@admin.ch
ggulstonbh,Giffard,Gulston,ggulstonbh@sciencedaily.com
igiblingbi,Isac,Gibling,igiblingbi@themeforest.net
mhannawaybj,Malvin,Hannaway,mhannawaybj@nasa.gov
cbeatonbk,Chastity,Beaton,cbeatonbk@goo.gl
icostonbl,Ivie,Coston,icostonbl@hhs.gov
tbrieretonbm,Thibaud,Briereton,tbrieretonbm@pinterest.com
ttelferbn,Thane,Telfer,ttelferbn@squidoo.com
nyurikovbo,Norene,Yurikov,nyurikovbo@alexa.com
vminerobp,Valli,Minero,vminerobp@mail.ru
rivimybq,Ronnie,Ivimy,rivimybq@purevolume.com
lmaypesbr,Lulita,Maypes,lmaypesbr@irs.gov
dguerribs,Deane,Guerri,dguerribs@google.com.au
roldallbt,Reube,Oldall,roldallbt@123-reg.co.uk
jbowleybu,Jeanine,Bowley,jbowleybu@telegraph.co.uk
amacguiganbv,Ariadne,MacGuigan,amacguiganbv@hibu.com
skimbleybw,Shara,Kimbley,skimbleybw@google.com.hk
mcuestabx,Mommy,Cuesta,mcuestabx@si.edu
ddavysby,Dew,Davys,ddavysby@g.co
nfunnellbz,Noel,Funnell,nfunnellbz@vimeo.com
dbirtwistlec0,Devinne,Birtwistle,dbirtwistlec0@samsung.com
tsedenc1,Teri,Seden,tsedenc1@free.fr
kchestnuttc2,Kienan,Chestnutt,kchestnuttc2@netlog.com
oerrichielloc3,Oby,Errichiello,oerrichielloc3@youtube.com
dsimmonettc4,Denny,Simmonett,dsimmonettc4@smugmug.com
amachansc5,Aurelie,Machans,amachansc5@bravesites.com
cgaydenc6,Cris,Gayden,cgaydenc6@state.tx.us
rmeneuxc7,Rica,Meneux,rmeneuxc7@wix.com
kalenshevc8,Karee,Alenshev,kalenshevc8@jiathis.com
nsidesc9,Noellyn,Sides,nsidesc9@dailymail.co.uk
scastagneca,Sonny,Castagne,scastagneca@163.com
rskainscb,Ramsay,Skains,rskainscb@foxnews.com
oringscc,Ofelia,Rings,oringscc@scientificamerican.com
rhorseycd,Roselin,Horsey,rhorseycd@163.com
tlinsleyce,Tanhya,Linsley,tlinsleyce@mediafire.com
cveschambrecf,Consuela,Veschambre,cveschambrecf@europa.eu
htreacycg,Hyacinthie,Treacy,htreacycg@paginegialle.it
nscadingch,Nettle,Scading,nscadingch@loc.gov
atewkesburyci,Alicea,Tewkesbury.,atewkesburyci@blogspot.com
mvanderhovencj,Mirabella,Van der Hoven,mvanderhovencj@craigslist.org
fperottck,Frederica,Perott,fperottck@huffingtonpost.com
saggcl,Shepperd,Agg,saggcl@kickstarter.com
vshasnancm,Valenka,Shasnan,vshasnancm@merriam-webster.com
sboritcn,Sheppard,Borit,sboritcn@vistaprint.com
fthringco,Fransisco,Thring,fthringco@ameblo.jp
fcarbincp,Frasco,Carbin,fcarbincp@google.co.jp
mhelincq,Magnum,Helin,mhelincq@shareasale.com
gmixturecr,Giovanna,Mixture,gmixturecr@w3.org
rbushrodcs,Rosella,Bushrod,rbushrodcs@slideshare.net
bswannickct,Beaufort,Swannick,bswannickct@1688.com
sklaassenscu,Stinky,Klaassens,sklaassenscu@phoca.cz
vshealscv,Vinita,Sheals,vshealscv@stanford.edu
hsimkisscw,Heath,Simkiss,hsimkisscw@wired.com
sduckfieldcx,Scarlet,Duckfield,sduckfieldcx@twitter.com
agealecy,Ardra,Geale,agealecy@latimes.com
ccarrencz,Corliss,Carren,ccarrencz@go.com
bdenisond0,Brnaby,Denison,bdenisond0@google.com.br
hdumbrilld1,Hobey,Dumbrill,hdumbrilld1@furl.net
jnandd2,Jeffry,Nand,jnandd2@tamu.edu
nshepherdd3,Nissie,Shepherd,nshepherdd3@java.com
wlutzd4,Wallache,Lutz,wlutzd4@skype.com
mtorresed5,Mabel,Torrese,mtorresed5@cbsnews.com
rconeybeerd6,Rhody,Coneybeer,rconeybeerd6@joomla.org
tstreeterd7,Trescha,Streeter,tstreeterd7@hhs.gov
afoggartyd8,Ame,Foggarty,afoggartyd8@bloglovin.com
jbaldassid9,Jereme,Baldassi,jbaldassid9@techcrunch.com
ochessunda,Osmond,Chessun,ochessunda@bigcartel.com
vmonksfielddb,Viviyan,Monksfield,vmonksfielddb@mac.com
lsharphousedc,Lonni,Sharphouse,lsharphousedc@constantcontact.com
lsmeetondd,Lola,Smeeton,lsmeetondd@indiatimes.com
rreadyde,Rahal,Ready,rreadyde@sohu.com
abloxlanddf,Annice,Bloxland,abloxlanddf@symantec.com
sdelnevodg,Sibyl,Delnevo,sdelnevodg@blogtalkradio.com
rgrzegorzewiczdh,Ruthi,Grzegorzewicz,rgrzegorzewiczdh@free.fr
lchalderdi,Lotti,Chalder,lchalderdi@who.int
lseedhousedj,Livy,Seedhouse,lseedhousedj@unesco.org
dmacvaindk,Desmond,Macvain,dmacvaindk@wordpress.com
arozierdl,Aretha,Rozier,arozierdl@oracle.com
zmcgeorgedm,Zuzana,McGeorge,zmcgeorgedm@fastcompany.com
elarmourdn,Erinn,Larmour,elarmourdn@geocities.jp
bneamedo,Baudoin,Neame,bneamedo@360.cn
mstientondp,Maury,Stienton,mstientondp@cafepress.com
bcromwelldq,Bettine,Cromwell,bcromwelldq@amazon.co.jp
dtrimmilldr,Didi,Trimmill,dtrimmilldr@weather.com
mlezemoreds,Minta,Lezemore,mlezemoreds@gravatar.com
kgriggsdt,Karia,Griggs,kgriggsdt@cdbaby.com
omorfettdu,Olimpia,Morfett,omorfettdu@irs.gov
jpittockdv,Jarid,Pittock,jpittockdv@artisteer.com
gatheydw,Gannon,Athey,gatheydw@ebay.co.uk
lhanndx,Leland,Hann,lhanndx@e-recht24.de
lbattylldy,Lowell,Battyll,lbattylldy@mayoclinic.com
kwaplingtondz,Katti,Waplington,kwaplingtondz@guardian.co.uk
pstarbuckee0,Putnem,Starbucke,pstarbuckee0@feedburner.com
mmackerethe1,Marv,MacKereth,mmackerethe1@mlb.com
dderdese2,Dov,Derdes,dderdese2@ning.com
kburburye3,Koressa,Burbury,kburburye3@is.gd
nhoulahane4,Nataniel,Houlahan,nhoulahane4@soundcloud.com
ddosedalee5,Delores,Dosedale,ddosedalee5@infoseek.co.jp
cbrabante6,Christopher,Brabant,cbrabante6@kickstarter.com
mweede7,Murvyn,Weed,mweede7@scientificamerican.com
cboughtwoode8,Catrina,Boughtwood,cboughtwoode8@wsj.com
trohlfse9,Tatiana,Rohlfs,trohlfse9@webs.com
jcardiffea,Jaclin,Cardiff,jcardiffea@bravesites.com
tchasmoreb,Trudie,Chasmor,tchasmoreb@symantec.com
tdautryec,Tess,Dautry,tdautryec@skype.com
edesbrowed,Emmit,Desbrow,edesbrowed@51.la
nlarkinsee,Nannette,Larkins,nlarkinsee@angelfire.com
bexelbyef,Brunhilde,Exelby,bexelbyef@taobao.com
epershouseeg,Erich,Pershouse,epershouseeg@taobao.com
lwixoneh,Lurleen,Wixon,lwixoneh@npr.org
afindonei,Addie,Findon,afindonei@wufoo.com
asabanej,Amabelle,Saban,asabanej@nih.gov
dshowenek,Daria,Showen,dshowenek@google.ru
fsmeuinel,Fred,Smeuin,fsmeuinel@loc.gov
clillicropem,Consuela,Lillicrop,clillicropem@ovh.net
adigginen,Adorne,Diggin,adigginen@pinterest.com
sgullaneeo,Simona,Gullane,sgullaneeo@spiegel.de
mtidballep,Murry,Tidball,mtidballep@booking.com
pbarwackeq,Parker,Barwack,pbarwackeq@jugem.jp
jschollarer,Johnnie,Schollar,jschollarer@nationalgeographic.com
jilivees,Jacqueline,Ilive,jilivees@alibaba.com
lhamblingtonet,Lydon,Hamblington,lhamblingtonet@cnbc.com
edarkotteu,Eran,Darkott,edarkotteu@usatoday.com
jbasekev,Jefferey,Basek,jbasekev@washington.edu
cmarietonew,Collette,Marieton,cmarietonew@dot.gov
kwhitmoreex,Keenan,Whitmore,kwhitmoreex@theglobeandmail.com
mlaytoney,Matthew,Layton,mlaytoney@over-blog.com
lwellbankez,Lenee,Wellbank,lwellbankez@dagondesign.com
aerdesf0,Ainsley,Erdes,aerdesf0@ft.com
aaguirref1,Augustin,Aguirre,aaguirref1@intel.com
gbartosiakf2,Geri,Bartosiak,gbartosiakf2@shareasale.com
jcroomf3,Jerrie,Croom,jcroomf3@edublogs.org
btimoneyf4,Barbaraanne,Timoney,btimoneyf4@ezinearticles.com
kforsonf5,Kylynn,Forson,kforsonf5@yellowbook.com
crickeardf6,Claudian,Rickeard,crickeardf6@webnode.com
bheeronf7,Brady,Heeron,bheeronf7@telegraph.co.uk
gcockingsf8,Gilberte,Cockings,gcockingsf8@printfriendly.com
crobionf9,Carmina,Robion,crobionf9@alexa.com
jenglishfa,Jillana,English,jenglishfa@e-recht24.de
manespiefb,Michail,Anespie,manespiefb@com.com
jsappsonfc,Johnny,Sappson,jsappsonfc@amazon.de
jstathersfd,Janenna,Stathers,jstathersfd@cyberchimps.com
mdefilippisfe,Martyn,De Filippis,mdefilippisfe@google.it
cstockbridgeff,Carlina,Stockbridge,cstockbridgeff@hugedomains.com
bsizeyfg,Bertha,Sizey,bsizeyfg@lulu.com
vmaddiefh,Vilhelmina,Maddie,vmaddiefh@moonfruit.com
valbistonfi,Vasily,Albiston,valbistonfi@oracle.com
dhouldenfj,Dunc,Houlden,dhouldenfj@psu.edu
kdaintryfk,Karly,Daintry,kdaintryfk@ebay.co.uk
tbussellfl,Tobiah,Bussell,tbussellfl@sakura.ne.jp
rclipsonfm,Rosaline,Clipson,rclipsonfm@uiuc.edu
dadriennefn,Derwin,Adrienne,dadriennefn@seesaa.net
middendenfo,Markus,Iddenden,middendenfo@blinklist.com
mdowtyfp,Marlyn,Dowty,mdowtyfp@t-online.de
spuddlefq,Shandeigh,Puddle,spuddlefq@epa.gov
ioglassanefr,Ian,O'Glassane,ioglassanefr@ning.com
kwynessfs,Kira,Wyness,kwynessfs@guardian.co.uk
nlampft,Nonna,Lamp,nlampft@ebay.co.uk
ogronofu,Oby,Grono,ogronofu@un.org
ngorstidgefv,Nicolas,Gorstidge,ngorstidgefv@shinystat.com
ihannibalfw,Irving,Hannibal,ihannibalfw@comsenz.com
bswetmorefx,Berk,Swetmore,bswetmorefx@hao123.com
ecarmofy,Eddie,Carmo,ecarmofy@google.ru
tberthelfz,Tamarah,Berthel,tberthelfz@europa.eu
sduttg0,Sela,Dutt,sduttg0@msn.com
nbeverageg1,North,Beverage,nbeverageg1@tumblr.com
hlamarg2,Hartwell,Lamar,hlamarg2@cpanel.net
gmulkerrinsg3,Gerrard,Mulkerrins,gmulkerrinsg3@microsoft.com
uminshallg4,Ursala,Minshall,uminshallg4@cocolog-nifty.com
ealfg5,Elenore,Alf,ealfg5@wunderground.com
lguiderag6,Lela,Guidera,lguiderag6@eventbrite.com
ecastanag7,Else,Castana,ecastanag7@networksolutions.com
akuschag8,Annamarie,Kuscha,akuschag8@latimes.com
ecarlensg9,Elihu,Carlens,ecarlensg9@ovh.net
gdynega,Gus,Dyne,gdynega@opera.com
ddignumgb,Dun,Dignum,ddignumgb@istockphoto.com
astanwaygc,Adrien,Stanway,astanwaygc@usda.gov
khamlingtongd,Koressa,Hamlington,khamlingtongd@yelp.com
aespinage,Adara,Espina,aespinage@slate.com
crixgf,Chancey,Rix,crixgf@elegantthemes.com
csendsgg,Caryn,Sends,csendsgg@arstechnica.com
cbroxisgh,Chaunce,Broxis,cbroxisgh@trellian.com
cabbagi,Coraline,Abba,cabbagi@youtu.be
ddinisgj,Dorothea,Dinis,ddinisgj@imageshack.us
kgodbeheregk,Karisa,Godbehere,kgodbeheregk@sina.com.cn
blibbygl,Bernardine,Libby,blibbygl@livejournal.com
bliptrotgm,Bennie,Liptrot,bliptrotgm@dagondesign.com
ltugwellgn,Lindi,Tugwell,ltugwellgn@google.de
dforemango,Dudley,Foreman,dforemango@yellowbook.com
dcureegp,Dniren,Curee,dcureegp@amazon.com
mgarmentgq,Moyra,Garment,mgarmentgq@nbcnews.com
jsuattgr,Jecho,Suatt,jsuattgr@wordpress.org
jhudlessgs,Josie,Hudless,jhudlessgs@yellowpages.com
jstaytgt,Jo ann,Stayt,jstaytgt@ca.gov
aeagargu,Archaimbaud,Eagar,aeagargu@umich.edu
gstenbridgegv,Gordan,Stenbridge,gstenbridgegv@php.net
lnaldergw,Lilian,Nalder,lnaldergw@spotify.com
lolekhovgx,Lexis,Olekhov,lolekhovgx@tmall.com
zluxtongy,Zenia,Luxton,zluxtongy@netscape.com
rwhitebreadgz,Rosalynd,Whitebread,rwhitebreadgz@bing.com
gpashlerh0,Garrard,Pashler,gpashlerh0@woothemes.com
kbathoh1,Katherina,Batho,kbathoh1@usnews.com
gsemperh2,Godfry,Semper,gsemperh2@instagram.com
wpiggenh3,Wendi,Piggen,wpiggenh3@eepurl.com
cbraamh4,Chickie,Braam,cbraamh4@example.com
rruckh5,Rakel,Ruck,rruckh5@narod.ru
bfarneyh6,Berrie,Farney,bfarneyh6@wikimedia.org
lanwylh7,Lucretia,Anwyl,lanwylh7@stumbleupon.com
esnellingh8,Erik,Snelling,esnellingh8@example.com
lfruinh9,Lilian,Fruin,lfruinh9@about.com
mmacleanha,Mellisent,Maclean,mmacleanha@amazon.co.uk
dcornelleauhb,Doug,Cornelleau,dcornelleauhb@simplemachines.org
odoyleyhc,Olive,Doyley,odoyleyhc@whitehouse.gov
clambrookhd,Carlos,Lambrook,clambrookhd@google.es
sbazelyhe,Sadella,Bazely,sbazelyhe@cmu.edu
lleninhf,Lyndsey,Lenin,lleninhf@ezinearticles.com
awaughhg,Andy,Waugh,awaughhg@cnbc.com
cfolliotthh,Charin,Folliott,cfolliotthh@nytimes.com
eparradyehi,Emmott,Parradye,eparradyehi@icio.us
fdekeephj,Frederica,de Keep,fdekeephj@posterous.com
jsouthonhk,Jonah,Southon,jsouthonhk@admin.ch
sgiraudohl,Saunders,Giraudo,sgiraudohl@tripadvisor.com
apackwoodhm,Angy,Packwood,apackwoodhm@cnbc.com
shacaudhn,Sonja,Hacaud,shacaudhn@dyndns.org
bbowcherho,Beret,Bowcher,bbowcherho@vinaora.com
hcadaganhp,Hobart,Cadagan,hcadaganhp@thetimes.co.uk
ahedlinghq,Alley,Hedling,ahedlinghq@google.com
rtoveyhr,Rainer,Tovey,rtoveyhr@sciencedaily.com
gludgrovehs,Gert,Ludgrove,gludgrovehs@fastcompany.com
bskermanht,Brnaba,Skerman,bskermanht@discuz.net
cgrzelczykhu,Cassie,Grzelczyk,cgrzelczykhu@dropbox.com
obloschkehv,Oren,Bloschke,obloschkehv@mac.com
asaltmanhw,Andreas,Saltman,asaltmanhw@salon.com
rrennickshx,Rudolph,Rennicks,rrennickshx@sohu.com
alagohy,Alana,Lago,alagohy@oracle.com
ykeppehz,Yasmeen,Keppe,ykeppehz@wikipedia.org
wbowesi0,Winnie,Bowes,wbowesi0@people.com.cn
amarderi1,Audy,Marder,amarderi1@wikimedia.org
elaurenzii2,Ellsworth,Laurenzi,elaurenzii2@admin.ch
bcornbilli3,Barbi,Cornbill,bcornbilli3@mtv.com
mtyronei4,Meredith,Tyrone,mtyronei4@phpbb.com
ofraneyi5,Olympie,Franey,ofraneyi5@arizona.edu
nhalei6,Noemi,Hale,nhalei6@miibeian.gov.cn
kbernti7,Kayle,Bernt,kbernti7@nsw.gov.au
kcaultoni8,Krystalle,Caulton,kcaultoni8@abc.net.au
dkynmani9,Dunc,Kynman,dkynmani9@cloudflare.com
saveriesia,Sal,Averies,saveriesia@bravesites.com
kvarndellib,Kellen,Varndell,kvarndellib@soundcloud.com
crimmeric,Cindee,Rimmer,crimmeric@howstuffworks.com
landreazziid,Lyell,Andreazzi,landreazziid@wikimedia.org
rlisettie,Reinold,Lisett,rlisettie@nature.com
egeeritzif,Emilia,Geeritz,egeeritzif@techcrunch.com
cguilderig,Chico,Guilder,cguilderig@facebook.com
tbernardiih,Tonye,Bernardi,tbernardiih@miibeian.gov.cn
newestaceii,Nita,Ewestace,newestaceii@icio.us
gcummungsij,Gisela,Cummungs,gcummungsij@comsenz.com
tkesonik,Timothy,Keson,tkesonik@amazonaws.com
ppyneril,Penn,Pyner,ppyneril@uiuc.edu
mproudlerim,Miguela,Proudler,mproudlerim@dagondesign.com
cdreinanin,Callida,Dreinan,cdreinanin@mit.edu
yhearndenio,Yvonne,Hearnden,yhearndenio@nationalgeographic.com
gthirstip,Gaultiero,Thirst,gthirstip@nih.gov
imeadwayiq,Ingelbert,Meadway,imeadwayiq@cmu.edu
jberrimanir,Jori,Berriman,jberrimanir@livejournal.com
clastyis,Celestyn,Lasty,clastyis@foxnews.com
apersehouseit,Alfons,Persehouse,apersehouseit@vistaprint.com
sullockiu,Shela,Ullock,sullockiu@apple.com
jjewittiv,Julee,Jewitt,jjewittiv@123-reg.co.uk
klampardiw,Ketti,Lampard,klampardiw@facebook.com
athomassinix,Arnaldo,Thomassin,athomassinix@liveinternet.ru
aayrisiy,Adrianna,Ayris,aayrisiy@multiply.com
fthaliz,Fayette,Thal,fthaliz@yandex.ru
ncochj0,Nertie,Coch,ncochj0@pcworld.com
jconaj1,Jacquenette,Cona,jconaj1@instagram.com
klowethj2,Kania,Loweth,klowethj2@domainmarket.com
jrignoldj3,Jo,Rignold,jrignoldj3@lulu.com
nsholemj4,Noll,Sholem,nsholemj4@ft.com
mdonij5,Melisenda,Doni,mdonij5@miibeian.gov.cn
shillinj6,Sianna,Hillin,shillinj6@howstuffworks.com
jsteaningj7,Jessey,Steaning,jsteaningj7@t.co
rgeydonj8,Rockie,Geydon,rgeydonj8@google.com
ndoctorj9,Noemi,Doctor,ndoctorj9@discuz.net
lmcshaneja,Land,McShane,lmcshaneja@ask.com
crehmjb,Corabella,Rehm,crehmjb@sfgate.com
ssidsaffjc,Siusan,Sidsaff,ssidsaffjc@list-manage.com
raldrittjd,Ron,Aldritt,raldrittjd@fastcompany.com
nbrinkleyje,Neron,Brinkley,nbrinkleyje@foxnews.com
fbyrdjf,Feliks,Byrd,fbyrdjf@amazon.co.jp
sjacobbejg,Shelton,Jacobbe,sjacobbejg@hud.gov
ljosefsonjh,Lowe,Josefson,ljosefsonjh@auda.org.au
grothamji,Gerrie,Rotham,grothamji@bing.com
jallinghamjj,Justin,Allingham,jallinghamjj@goo.gl
mwinwoodjk,Mireille,Winwood,mwinwoodjk@xing.com
phearmonjl,Phillipe,Hearmon,phearmonjl@weebly.com
iphilippartjm,Ike,Philippart,iphilippartjm@ameblo.jp
asollowayjn,Adelheid,Solloway,asollowayjn@themeforest.net
ahamsleyjo,Antons,Hamsley,ahamsleyjo@miibeian.gov.cn
sarborjp,Sybil,Arbor,sarborjp@soundcloud.com
dcurraojq,Dan,Currao,dcurraojq@gnu.org
bweatherburnjr,Bobina,Weatherburn,bweatherburnjr@clickbank.net
tpalatinojs,Toby,Palatino,tpalatinojs@cnbc.com
bhastingsjt,Blythe,Hastings,bhastingsjt@geocities.jp
sbrookesju,Sascha,Brookes,sbrookesju@jimdo.com
sruminjv,Sibyl,Rumin,sruminjv@goo.ne.jp
bsitwelljw,Bernadene,Sitwell,bsitwelljw@cornell.edu
dmaypolejx,Dyane,Maypole,dmaypolejx@google.pl
dlillowjy,Donnajean,Lillow,dlillowjy@tinyurl.com
asargeauntjz,Anthiathia,Sargeaunt,asargeauntjz@latimes.com
eabbetsk0,Elva,Abbets,eabbetsk0@pen.io
cbinyonk1,Cassy,Binyon,cbinyonk1@wikispaces.com
osaylork2,Ofella,Saylor,osaylork2@w3.org
bwraightek3,Berget,Wraighte,bwraightek3@scribd.com
vfarmank4,Vassily,Farman,vfarmank4@altervista.org
ksamsonsenk5,Kristoforo,Samsonsen,ksamsonsenk5@eepurl.com
tbrenstuhlk6,Tisha,Brenstuhl,tbrenstuhlk6@paginegialle.it
tbuggsk7,Thomasina,Buggs,tbuggsk7@plala.or.jp
rstickneyk8,Raye,Stickney,rstickneyk8@gov.uk
dmcnicolk9,Dolorita,McNicol,dmcnicolk9@java.com
mscarthka,Maury,Scarth,mscarthka@printfriendly.com
pechlinkb,Panchito,Echlin,pechlinkb@usnews.com
scapewellkc,Spenser,Capewell,scapewellkc@barnesandnoble.com
sgaggenkd,Susy,Gaggen,sgaggenkd@alexa.com
bstelfaxke,Bendick,Stelfax,bstelfaxke@marriott.com
moraffertykf,Modestine,O'Rafferty,moraffertykf@themeforest.net
bllorenskg,Billie,Llorens,bllorenskg@nydailynews.com
jurenkh,Josefa,Uren,jurenkh@abc.net.au
fmcareeki,Frasquito,McAree,fmcareeki@globo.com
aridingskj,Aloysius,Ridings,aridingskj@hao123.com
gmithankk,Gil,Mithan,gmithankk@house.gov
fsakerkl,Filip,Saker,fsakerkl@prlog.org
esomerledkm,Eda,Somerled,esomerledkm@nydailynews.com
apickleskn,Abdul,Pickles,apickleskn@drupal.org
wscapensko,Wilmar,Scapens,wscapensko@technorati.com
tstraceykp,Tommy,Stracey,tstraceykp@uiuc.edu
wcalbaithekq,Wilbur,Calbaithe,wcalbaithekq@virginia.edu
kzammittkr,Katrine,Zammitt,kzammittkr@google.de
dbellks,Delbert,Bell,dbellks@gizmodo.com
mshielkt,Mycah,Shiel,mshielkt@pen.io
yabramzonku,Yance,Abramzon,yabramzonku@cocolog-nifty.com
mfinlatorkv,Marisa,Finlator,mfinlatorkv@bloglines.com
tsommerlingkw,Town,Sommerling,tsommerlingkw@gmpg.org
kmatoshinkx,Kendricks,Matoshin,kmatoshinkx@clickbank.net
aplowrightky,Ambrosio,Plowright,aplowrightky@jalbum.net
rjaggerkz,Rosabel,Jagger,rjaggerkz@multiply.com
dheissl0,Darin,Heiss,dheissl0@nbcnews.com
mfarressl1,Mikol,Farress,mfarressl1@uiuc.edu
khorrodl2,Kent,Horrod,khorrodl2@mozilla.com
fscholigl3,Florri,Scholig,fscholigl3@google.ru
jcassaml4,Johnette,Cassam,jcassaml4@cmu.edu
aattrydel5,Ardra,Attryde,aattrydel5@shareasale.com
mkimptonl6,Mathilde,Kimpton,mkimptonl6@yolasite.com
cdaenl7,Corbett,Daen,cdaenl7@list-manage.com
jgyfordl8,Julienne,Gyford,jgyfordl8@theguardian.com
rromanl9,Rex,Roman,rromanl9@skype.com
jdaddsla,Jacynth,Dadds,jdaddsla@harvard.edu
vmattinsonlb,Vivyan,Mattinson,vmattinsonlb@blogs.com
elearoydelc,Eirena,Learoyde,elearoydelc@cloudflare.com
iainslield,Iver,Ainslie,iainslield@blog.com
ksculleyle,Koo,Sculley,ksculleyle@si.edu
hbeavanlf,Henrieta,Beavan,hbeavanlf@ed.gov
tminardslg,Thorpe,Minards,tminardslg@npr.org
ygowansonlh,Yankee,Gowanson,ygowansonlh@accuweather.com
atoalli,Adrianna,Toal,atoalli@time.com
ghalversenlj,Gavin,Halversen,ghalversenlj@vk.com
kprigmorelk,Kattie,Prigmore,kprigmorelk@edublogs.org
bgladdisll,Bennie,Gladdis,bgladdisll@studiopress.com
kkenneficklm,Krystyna,Kennefick,kkenneficklm@who.int
bnewlandsln,Bartram,Newlands,bnewlandsln@imdb.com
gcringlelo,Gunner,Cringle,gcringlelo@mit.edu
mwhawelllp,Micki,Whawell,mwhawelllp@privacy.gov.au
mwaddilowlq,Marjory,Waddilow,mwaddilowlq@eventbrite.com
cwhitterslr,Chastity,Whitters,cwhitterslr@list-manage.com
bchittendenls,Brinn,Chittenden,bchittendenls@yolasite.com
gpullingerlt,Giacobo,Pullinger,gpullingerlt@wikispaces.com
targylelu,Tonie,Argyle,targylelu@jimdo.com
mbernhardtlv,Monah,Bernhardt,mbernhardtlv@jalbum.net
ianthonlw,Isabelita,Anthon,ianthonlw@blogs.com
nneilandslx,Nerte,Neilands,nneilandslx@icq.com
cbirckmannly,Claire,Birckmann,cbirckmannly@vinaora.com
lkelmerelz,Liliane,Kelmere,lkelmerelz@state.tx.us
ksyselandm0,Kain,Syseland,ksyselandm0@amazonaws.com
gkobierzyckim1,Gusta,Kobierzycki,gkobierzyckim1@marketwatch.com
mskonem2,Munroe,Skone,mskonem2@addtoany.com
trousselm3,Theresina,Roussel,trousselm3@barnesandnoble.com
tknevetm4,Tierney,Knevet,tknevetm4@cargocollective.com
bbridgwoodm5,Britteny,Bridgwood,bbridgwoodm5@icio.us
dhedylstonem6,Darnall,Hedylstone,dhedylstonem6@boston.com
bsancroftm7,Beniamino,Sancroft,bsancroftm7@mac.com
vmaddickm8,Vidovic,Maddick,vmaddickm8@newyorker.com
vbluschkem9,Verla,Bluschke,vbluschkem9@businesswire.com
nhowettma,Ninnette,Howett,nhowettma@meetup.com
hsaynormb,Henriette,Saynor,hsaynormb@youtu.be
espellissymc,Emiline,Spellissy,espellissymc@webs.com
ecranhammd,Efrem,Cranham,ecranhammd@youtube.com
jdohrmannme,Jillayne,Dohrmann,jdohrmannme@businessweek.com
bfantonmf,Biron,Fanton,bfantonmf@networkadvertising.org
dduforemg,Des,Dufore,dduforemg@google.it
hhebblewaitemh,Henryetta,Hebblewaite,hhebblewaitemh@arizona.edu
tsallingmi,Townsend,Salling,tsallingmi@amazonaws.com
palhirsimj,Priscella,Al Hirsi,palhirsimj@1und1.de
ddelbouxmk,Douglass,d' Elboux,ddelbouxmk@ucoz.ru
fdarrowml,Flossy,Darrow,fdarrowml@printfriendly.com
dmaiormm,Der,Maior,dmaiormm@wsj.com
jwiggammn,Joelynn,Wiggam,jwiggammn@ebay.com
wspatonimo,Willette,Spatoni,wspatonimo@webnode.com
scrummp,Scottie,Crum,scrummp@dropbox.com
bchalkemq,Burgess,Chalke,bchalkemq@pbs.org
baberchirdermr,Berky,Aberchirder,baberchirdermr@desdev.cn
diredellms,Davie,Iredell,diredellms@cargocollective.com
kphebymt,Kat,Pheby,kphebymt@livejournal.com
rakistermu,Ranice,Akister,rakistermu@yahoo.co.jp
cbabbmv,Catherina,Babb,cbabbmv@nifty.com
wletevemw,Welsh,Le Teve,wletevemw@nhs.uk
emohamedmx,Edita,Mohamed,emohamedmx@merriam-webster.com
htenmanmy,Hesther,Tenman,htenmanmy@ocn.ne.jp
sdunnmz,Sasha,Dunn,sdunnmz@state.gov
rtreadgoldn0,Raoul,Treadgold,rtreadgoldn0@microsoft.com
bswindellsn1,Brent,Swindells,bswindellsn1@census.gov
dkingsnodn2,Davine,Kingsnod,dkingsnodn2@dot.gov
rmoorheadn3,Ragnar,Moorhead,rmoorheadn3@slideshare.net
cburnipn4,Cindee,Burnip,cburnipn4@wired.com
kbegginin5,Knox,Beggini,kbegginin5@ibm.com
griedeln6,Griselda,Riedel,griedeln6@clickbank.net
jhavardn7,Joelly,Havard,jhavardn7@abc.net.au
hadenetn8,Homerus,Adenet,hadenetn8@meetup.com
kselwoodn9,Ketty,Selwood,kselwoodn9@nydailynews.com
wdermottna,Worden,Dermott,wdermottna@stumbleupon.com
hmcallesternb,Halette,McAllester,hmcallesternb@mac.com
bklampknc,Brewer,Klampk,bklampknc@sbwire.com
ftunnownd,Flem,Tunnow,ftunnownd@indiegogo.com
dgetshamne,Darnell,Getsham,dgetshamne@yellowbook.com
dbrenstuhlnf,Dacey,Brenstuhl,dbrenstuhlnf@soup.io
jcrawshawng,Jefferey,Crawshaw,jcrawshawng@imageshack.us
hfairhallnh,Hermie,Fairhall,hfairhallnh@github.io
cerieni,Chadd,Erie,cerieni@answers.com
kboyettnj,Katee,Boyett,kboyettnj@is.gd
crodgiernk,Carlie,Rodgier,crodgiernk@furl.net
gparadenl,Gabriella,Parade,gparadenl@foxnews.com
hgiacovazzonm,Helsa,Giacovazzo,hgiacovazzonm@walmart.com
acanedonn,Arline,Canedo,acanedonn@scientificamerican.com
rshearstonno,Raquela,Shearston,rshearstonno@ca.gov
mhundleynp,Maggi,Hundley,mhundleynp@usa.gov
lnottlenq,Lou,Nottle,lnottlenq@ustream.tv
jrobertisnr,Jeffrey,Robertis,jrobertisnr@gov.uk
stripconyns,Sayre,Tripcony,stripconyns@cbsnews.com
kdimeloent,Kirsti,Dimeloe,kdimeloent@uiuc.edu
galeavynu,Garrard,Aleavy,galeavynu@studiopress.com
lchownnv,Lari,Chown,lchownnv@123-reg.co.uk
kdickynw,Kalila,Dicky,kdickynw@mozilla.org
meffnertnx,Morley,Effnert,meffnertnx@sogou.com
dhutcheonsny,Dell,Hutcheons,dhutcheonsny@cam.ac.uk
emcmurthynz,Erik,McMurthy,emcmurthynz@dyndns.org
dgiovannio0,Darrin,Giovanni,dgiovannio0@skyrock.com
wbarrello1,Wallache,Barrell,wbarrello1@berkeley.edu
ocattleo2,Osbourn,Cattle,ocattleo2@cloudflare.com
crubinsafto3,Connie,Rubinsaft,crubinsafto3@eepurl.com
smacadieo4,Stefano,MacAdie,smacadieo4@ning.com
mgillano5,Magdalena,Gillan,mgillano5@mapquest.com
mkrausso6,Maxie,Krauss,mkrausso6@nationalgeographic.com
jgyteshamo7,Johnath,Gytesham,jgyteshamo7@phoca.cz
lcowwello8,Loralyn,Cowwell,lcowwello8@ucsd.edu
cmaudeo9,Cecelia,Maude,cmaudeo9@indiatimes.com
tbrodeauoa,Tammie,Brodeau,tbrodeauoa@mlb.com
bitzhakiob,Bab,Itzhaki,bitzhakiob@mashable.com
rmclagainoc,Ruy,McLagain,rmclagainoc@accuweather.com
lbimroseod,Lebbie,Bimrose,lbimroseod@opera.com
mpanswickoe,Mona,Panswick,mpanswickoe@cdbaby.com
dlanbertoniof,Daloris,Lanbertoni,dlanbertoniof@barnesandnoble.com
cbellenieog,Codee,Bellenie,cbellenieog@wsj.com
randrusovoh,Robinette,Andrusov,randrusovoh@mac.com
scainesoi,Sid,Caines,scainesoi@pinterest.com
pcordonoj,Purcell,Cordon,pcordonoj@google.co.uk
sgrintok,Shelia,Grint,sgrintok@paginegialle.it
aweatherburnol,Alfy,Weatherburn,aweatherburnol@reference.com
ecadallederom,Elberta,Cadalleder,ecadallederom@weather.com
tpellewon,Taddeusz,Pellew,tpellewon@t.co
bskuresoo,Bonny,Skures,bskuresoo@blogspot.com
fmackenop,Franny,Macken,fmackenop@illinois.edu
akarlssonoq,Allen,Karlsson,akarlssonoq@ted.com
mtatchellor,Meier,Tatchell,mtatchellor@utexas.edu
ngriegos,Norah,Grieg,ngriegos@mysql.com
wlubmanot,Walton,Lubman,wlubmanot@ucoz.com
ooteagueou,Olga,O'Teague,ooteagueou@wunderground.com
mgiroldiov,Marleen,Giroldi,mgiroldiov@blinklist.com
mkilbanow,Milo,Kilban,mkilbanow@stanford.edu
sginleyox,Shayna,Ginley,sginleyox@theatlantic.com
kstubbingsoy,Kira,Stubbings,kstubbingsoy@thetimes.co.uk
cladymanoz,Chuck,Ladyman,cladymanoz@de.vu
mharraginp0,Marthena,Harragin,mharraginp0@discuz.net
tlimmingp1,Tammie,Limming,tlimmingp1@aol.com
dholstonp2,Dianna,Holston,dholstonp2@eventbrite.com
cbertomeup3,Cherilynn,Bertomeu,cbertomeup3@163.com
jtheisp4,Jacqueline,Theis,jtheisp4@nps.gov
eteatherp5,Elisabeth,Teather,eteatherp5@weather.com
dboddisp6,Donnie,Boddis,dboddisp6@cbc.ca
ccassyp7,Constantin,Cassy,ccassyp7@wordpress.com
vpesikp8,Verile,Pesik,vpesikp8@goo.ne.jp
xchislettp9,Ximenez,Chislett,xchislettp9@marketwatch.com
kanderssonpa,Kelci,Andersson,kanderssonpa@jigsy.com
mcraydonpb,Mathew,Craydon,mcraydonpb@ovh.net
gcottiepc,Glynis,Cottie,gcottiepc@bizjournals.com
wtippinpd,Winny,Tippin,wtippinpd@wordpress.org
ddoolanpe,Deni,Doolan,ddoolanpe@salon.com
sdigweedpf,Sheena,Digweed,sdigweedpf@elegantthemes.com
dpeoplepg,Denys,People,dpeoplepg@google.es
eduroph,Ebeneser,Duro,eduroph@narod.ru
mpettigreepi,Matias,Pettigree,mpettigreepi@freewebs.com
cmelmarpj,Chelsie,Melmar,cmelmarpj@meetup.com
amcavaddypk,Alyda,McAvaddy,amcavaddypk@tripadvisor.com
ypeacoppl,Yoko,Peacop,ypeacoppl@wunderground.com
gfrancktonpm,Gamaliel,Franckton,gfrancktonpm@prnewswire.com
jbenziepn,Judi,Benzie,jbenziepn@1688.com
swillcockspo,Scarface,Willcocks,swillcockspo@nature.com
kcaganpp,Kelley,Cagan,kcaganpp@free.fr
rcreswellpq,Randi,Creswell,rcreswellpq@usa.gov
fbibbpr,Fielding,Bibb,fbibbpr@odnoklassniki.ru
yphilsonps,Yehudit,Philson,yphilsonps@pagesperso-orange.fr
akelshawpt,Amity,Kelshaw,akelshawpt@xinhuanet.com
fstadingpu,Frasquito,Stading,fstadingpu@nba.com
akenwynpv,Annemarie,Kenwyn,akenwynpv@technorati.com
hmainepw,Hamish,Maine,hmainepw@ftc.gov
ladanezpx,Lara,Adanez,ladanezpx@apache.org
sdibiaggipy,Seymour,Di Biaggi,sdibiaggipy@jalbum.net
dtuerpz,Debi,Tuer,dtuerpz@lycos.com
klovingq0,Kalil,Loving,klovingq0@macromedia.com
lkirmanq1,Lacey,Kirman,lkirmanq1@yahoo.com
obalogunq2,Obadias,Balogun,obalogunq2@cocolog-nifty.com
ebiscoq3,Emmalynn,Bisco,ebiscoq3@bbb.org
johmq4,Janine,Ohm,johmq4@arstechnica.com
nculveyq5,Norton,Culvey,nculveyq5@deviantart.com
scapunq6,Sybilla,Capun,scapunq6@dailymotion.com
ewindhamq7,Emmalynn,Windham,ewindhamq7@mlb.com
tlinggoodq8,Tabbie,Linggood,tlinggoodq8@icq.com
aharrissq9,Augustine,Harriss,aharrissq9@timesonline.co.uk
fsharpeqa,Faustina,Sharpe,fsharpeqa@state.tx.us
rgrafhomqb,Rivalee,Grafhom,rgrafhomqb@elegantthemes.com
rdudmarshqc,Ruprecht,Dudmarsh,rdudmarshqc@plala.or.jp
mbeilbyqd,Meyer,Beilby,mbeilbyqd@ox.ac.uk
bkopecqe,Britney,Kopec,bkopecqe@usda.gov
gferqf,Gerhardine,Fer,gferqf@harvard.edu
ttointonqg,Tomi,Tointon,ttointonqg@tinyurl.com
aorwinqh,Andromache,Orwin,aorwinqh@geocities.jp
wtitmussqi,Walton,Titmuss,wtitmussqi@vk.com
bcouzensqj,Baudoin,Couzens,bcouzensqj@t.co
zheersqk,Zeke,Heers,zheersqk@dedecms.com
fnystromql,Farley,Nystrom,fnystromql@canalblog.com
vvizardqm,Vally,Vizard,vvizardqm@behance.net
tdalglieshqn,Trenna,Dalgliesh,tdalglieshqn@wordpress.org
rhamelynqo,Raynor,Hamelyn,rhamelynqo@jigsy.com
hrabbittsqp,Helenka,Rabbitts,hrabbittsqp@alexa.com
jmatusiakqq,Job,Matusiak,jmatusiakqq@multiply.com
mdunningqr,Melania,Dunning,mdunningqr@chronoengine.com
dmarquissqs,Diannne,Marquiss,dmarquissqs@biglobe.ne.jp
jescudierqt,Jameson,Escudier,jescudierqt@java.com
epavlikqu,Edmon,Pavlik,epavlikqu@aboutads.info
efranklynqv,Erwin,Franklyn,efranklynqv@wikimedia.org
aellereyqw,Alon,Ellerey,aellereyqw@ftc.gov
dprottqx,Drucie,Prott,dprottqx@omniture.com
heastopeqy,Hendrika,Eastope,heastopeqy@weather.com
ecuretonqz,Elyn,Cureton,ecuretonqz@geocities.jp
ooleksinskir0,Odessa,Oleksinski,ooleksinskir0@altervista.org
alindebergr1,Ashlin,Lindeberg,alindebergr1@pcworld.com
gmcconnelr2,Giorgi,McConnel,gmcconnelr2@gravatar.com
kkeniwellr3,Kendell,Keniwell,kkeniwellr3@themeforest.net
jelbournr4,Johnath,Elbourn,jelbournr4@diigo.com
cpowr5,Charo,Pow,cpowr5@squarespace.com
vbrommager6,Violante,Brommage,vbrommager6@cmu.edu
kpackingtonr7,Kalie,Packington,kpackingtonr7@unicef.org
mgildear8,Michale,Gildea,mgildear8@xing.com
mhaylorr9,Mikaela,Haylor,mhaylorr9@ameblo.jp
bskrynera,Bonnibelle,Skryne,bskrynera@youtube.com
asenchenkorb,Albrecht,Senchenko,asenchenkorb@independent.co.uk
rstandevenrc,Ronnie,Standeven,rstandevenrc@uiuc.edu
akochlrd,Agatha,Kochl,akochlrd@unesco.org
gbeardonre,Grantley,Beardon,gbeardonre@blog.com
vcowoperf,Vaclav,Cowope,vcowoperf@blogs.com
hyuryevrg,Harlie,Yuryev,hyuryevrg@google.com.br
cteaserrh,Clo,Teaser,cteaserrh@tripod.com
fmerrellri,Fredric,Merrell,fmerrellri@msu.edu
cbasilottarj,Cristobal,Basilotta,cbasilottarj@shinystat.com
ybassork,Yovonnda,Basso,ybassork@yale.edu
jpuffettrl,Jordana,Puffett,jpuffettrl@51.la
egatchellrm,Ellary,Gatchell,egatchellrm@mozilla.org
rglasscoorn,Ricardo,Glasscoo,rglasscoorn@blog.com
dtolomioro,Danya,Tolomio,dtolomioro@dropbox.com
vranyelldrp,Van,Ranyelld,vranyelldrp@mediafire.com
vyoudrq,Venus,Youd,vyoudrq@woothemes.com
acapesrr,Armando,Capes,acapesrr@theguardian.com